careers,Skills
Data Scientist,Python Machine Learning Statistics Pandas NumPy Data Analysis Scikit-learn Matplotlib
ML Engineer ,Python Machine Learning Deep Learning TensorFlow PyTorch Neural Networks AI
Data Analyst,Python SQL Excel Tableau Power BI Data Visualization Statistics
Full Stack Developer,HTML CSS JavaScript React Node.js Python SQL MongoDB
Frontend Developer,HTML CSS JavaScript React Bootstrap Tailwind UI Design
Backend Developer,Python Django Flask APIs SQL Node.js Database Management
DevOps Engineer,Linux Docker Kubernetes Jenkins Git CI/CD AWS
Cloud Engineer,AWS Azure Google Cloud Linux Networking Terraform
Cybersecurity Analyst,Networking Linux Security Ethical Hacking Wireshark Penetration Testing
Android Developer,Java Kotlin Android Studio Firebase XML Mobile Development
AI Engineer,Python Machine Learning Deep Learning TensorFlow NLP Computer Vision
Database Administrator,SQL MySQL PostgreSQL Database Management Backup Recovery Performance Tuning
Software Engineer,Python Java C++ Data Structures Algorithms OOP Git
Business Analyst,Excel SQL Power BI Data Analysis Communication Requirement Gathering
UI/UX Designer,Figma Adobe XD Wireframing Prototyping User Research Design Thinking
